emp_id,name_prefix,first_name,middle_initials,last_name,gender,email
677509,Drs.,Lois,H,Walker,F,lois.walker@hotmail.com
940761,Ms.,Brenda,S,Robinson,F,brenda.robinson@gmail.com
428945,Dr.,Joe,W,Robinson,M,joe.robinson@gmail.com
408351,Drs.,Diane,I,Evans,F,diane.evans@yahoo.com
193819,Mr.,Benjamin,R,Russell,M,benjamin.russell@charter.net
499687,Mr.,Patrick,F,Bailey,M,patrick.bailey@aol.com
539712,Ms.,Nancy,T,Baker,F,nancy.baker@bp.com
380086,Mrs.,Carol,V,Murphy,F,carol.murphy@gmail.com
477616,Hon.,Frances,B,Young,F,frances.young@gmail.com
162402,Hon.,Diana,T,Peterson,F,diana.peterson@hotmail.co.uk
231469,Mr.,Ralph,L,Flores,M,ralph.flores@yahoo.com
153989,Prof.,Jack,C,Alexander,M,jack.alexander@gmail.com
386158,Mrs.,Melissa,Q,King,F,melissa.king@comcast.net
301576,Hon.,Wayne,G,Watson,M,wayne.watson@gmail.com
441771,Mrs.,Cheryl,O,Scott,F,cheryl.scott@gmail.com
528509,Hon.,Paula,G,Diaz,F,paula.diaz@gmail.com
912990,Mr.,Joshua,T,Stewart,M,joshua.stewart@yahoo.ca
214352,Ms.,Theresa,G,Lee,F,theresa.lee@gmail.com
890290,Hon.,Julia,S,Scott,F,julia.scott@apple.com
622406,Mr.,Thomas,Q,Lewis,M,thomas.lewis@gmail.com
979607,Ms.,Carol,J,Edwards,F,carol.edwards@msn.com
969580,Prof.,Matthew,L,Turner,M,matthew.turner@gmail.com
426038,Hon.,Joan,C,Stewart,F,joan.stewart@yahoo.com
388642,Mrs.,Ruby,R,Rogers,F,ruby.rogers@gmail.com
560455,Ms.,Carolyn,V,Hayes,F,carolyn.hayes@hotmail.co.uk
477253,Mrs.,Anne,L,Russell,F,anne.russell@ibm.com
263480,Hon.,Daniel,K,Cooper,M,daniel.cooper@yahoo.com
683826,Mr.,Roger,L,Roberts,M,roger.roberts@gmail.com
474599,Drs.,Maria,W,Walker,F,maria.walker@microsoft.com
335732,Ms.,Brenda,M,Butler,F,brenda.butler@gmail.com
329752,Hon.,Lillian,X,Brown,F,lillian.brown@aol.com
893212,Ms.,Amy,B,Howard,F,amy.howard@aol.com
621833,Mr.,Gregory,X,Edwards,M,gregory.edwards@outlook.com
456747,Mr.,Roy,Z,Griffin,M,roy.griffin@yahoo.com
278556,Prof.,Richard,Y,Mitchell,M,richard.mitchell@verizon.net
333476,Hon.,Mary,P,Wilson,F,mary.wilson@sbcglobal.net
218791,Mr.,Aaron,N,Price,M,aaron.price@bp.com
134841,Ms.,Donna,R,Brown,F,donna.brown@aol.com
726264,Hon.,Carl,N,Collins,M,carl.collins@yahoo.com
766610,Ms.,Joyce,E,Jenkins,F,joyce.jenkins@aol.com
923947,Ms.,Mary,G,Bryant,F,mary.bryant@verizon.net
227922,Hon.,Amanda,M,Hughes,F,amanda.hughes@rediffmail.com
265813,Hon.,Jack,E,Campbell,M,jack.campbell@gmail.com
247137,Mr.,Alan,E,Rivera,M,alan.rivera@apple.com
407061,Ms.,Elizabeth,Q,Jackson,F,elizabeth.jackson@aol.com
226714,Drs.,Nancy,L,Davis,F,nancy.davis@ibm.com
702813,Mr.,Ernest,D,Martinez,M,ernest.martinez@gmail.com
524896,Ms.,Judy,Y,Hernandez,F,judy.hernandez@gmail.com
363065,Drs.,Nancy,L,Jones,F,nancy.jones@gmail.com
879753,Mrs.,Pamela,X,Wright,F,pamela.wright@aol.com
958326,Mr.,Larry,T,Miller,M,larry.miller@shell.com
447813,Mrs.,Ann,Q,Coleman,F,ann.coleman@ibm.com
525955,Drs.,Judy,C,Gonzales,F,judy.gonzales@gmail.com
818384,Mr.,Peter,X,Washington,M,peter.washington@bp.com
971640,Prof.,Clarence,A,Ross,M,clarence.ross@apple.com
253573,Ms.,Sharon,E,Lopez,F,sharon.lopez@gmail.com
904898,Drs.,Ann,Q,Cooper,F,ann.cooper@exxonmobil.com
515103,Ms.,Anne,A,Perez,F,anne.perez@sbcglobal.net
491943,Mrs.,Nancy,P,Howard,F,nancy.howard@gmail.com
750173,Mr.,Antonio,R,Roberts,M,antonio.roberts@hotmail.com
687017,Ms.,Frances,P,Watson,F,frances.watson@outlook.com
241882,Ms.,Debra,G,Wood,F,debra.wood@hotmail.com
758872,Mr.,Henry,Y,Jenkins,M,henry.jenkins@hotmail.com
940922,Hon.,Melissa,X,Butler,F,melissa.butler@hotmail.com
917937,Mr.,Todd,H,Hall,M,todd.hall@yahoo.com
917395,Hon.,Christopher,D,Nelson,M,christopher.nelson@aol.com
183071,Drs.,Andrea,P,Garcia,F,andrea.garcia@aol.com
316110,Mr.,Jeremy,I,Sanchez,M,jeremy.sanchez@hotmail.com
293459,Mr.,Steven,J,Phillips,M,steven.phillips@hotmail.com
732017,Ms.,Cynthia,J,Ramirez,F,cynthia.ramirez@btinternet.com
915638,Dr.,Jason,W,Anderson,M,jason.anderson@gmail.com
478003,Hon.,Cynthia,X,White,F,cynthia.white@gmail.com
951225,Ms.,Margaret,N,Brooks,F,margaret.brooks@gmail.com
883936,Mr.,Douglas,I,Flores,M,douglas.flores@gmail.com
528673,Hon.,Paul,V,Watson,M,paul.watson@hotmail.com
765850,Mrs.,Linda,R,Moore,F,linda.moore@gmail.com
262382,Ms.,Cheryl,O,Miller,F,cheryl.miller@ntlworld.com
870820,Ms.,Martha,G,Washington,F,martha.washington@aol.com
806955,Mr.,William,G,Hernandez,M,william.hernandez@rediffmail.com
325319,Hon.,Carolyn,F,Price,F,carolyn.price@yahoo.com
623253,Mrs.,Ruby,Q,Stewart,F,ruby.stewart@gmail.com
225925,Mr.,Paul,D,Cooper,M,paul.cooper@gmail.com
761821,Mr.,Ernest,G,Washington,M,ernest.washington@msn.com
400173,Ms.,Dorothy,K,Edwards,F,dorothy.edwards@hotmail.co.uk
802554,Mr.,Ryan,V,Alexander,M,ryan.alexander@shell.com
476433,Ms.,Lillian,N,Mitchell,F,lillian.mitchell@shaw.ca
533952,Ms.,Kelly,R,Adams,F,kelly.adams@bp.com
623929,Prof.,Jimmy,R,Howard,M,jimmy.howard@yahoo.com
844177,Ms.,Margaret,T,Allen,F,margaret.allen@gmail.com
212893,Ms.,Janet,Y,Henderson,F,janet.henderson@ntlworld.com
185032,Mr.,Eugene,D,Perez,M,eugene.perez@exxonmobil.com
867084,Ms.,Deborah,E,Smith,F,deborah.smith@yahoo.com
969964,Hon.,Janice,S,Parker,F,janice.parker@yahoo.com
158666,Ms.,Rebecca,A,Stewart,F,rebecca.stewart@gmail.com
489424,Dr.,Phillip,F,White,M,phillip.white@gmail.com
639892,Mr.,Jose,K,Hill,M,jose.hill@hotmail.com
704709,Dr.,Harold,Z,Nelson,M,harold.nelson@gmail.com
461593,Ms.,Nicole,O,Ward,F,nicole.ward@yahoo.com
392491,Mrs.,Theresa,R,Murphy,F,theresa.murphy@gmail.com
495141,Drs.,Tammy,B,Young,F,tammy.young@comcast.net
