id,first_name,last_name,email,gender,ip_address
1,Hussein,Halsted,hhalsted0@vistaprint.com,Male,97.252.123.102
2,Jacqui,Muncie,jmuncie1@geocities.jp,Female,206.61.179.3
3,Cull,Cordobes,ccordobes2@google.ca,Male,207.54.74.189
4,Justinian,Chazelas,jchazelas3@admin.ch,Polygender,81.213.123.223
5,Garik,Dukes,gdukes4@myspace.com,Male,170.223.249.131
6,Aldous,Vedntyev,avedntyev5@indiatimes.com,Male,153.105.171.157
7,Clare,Phebee,cphebee6@spotify.com,Female,7.13.245.216
8,Jonah,Bohlje,jbohlje7@microsoft.com,Male,88.237.220.127
9,Inger,Lewinton,ilewinton8@mlb.com,Male,50.88.12.156
10,Chryste,Blaik,cblaik9@businessweek.com,Female,137.150.128.37
11,Leslie,Learoid,llearoida@jugem.jp,Female,140.160.208.212
12,Cornelle,Beverstock,cbeverstockb@histats.com,Female,188.238.218.36
13,Antin,O'Mullally,aomullallyc@liveinternet.ru,Male,223.68.160.85
14,Korie,Creaser,kcreaserd@seattletimes.com,Female,5.91.172.78
15,Pamela,Andor,pandore@springer.com,Polygender,30.163.57.50
16,Rana,Wernham,rwernhamf@meetup.com,Female,99.123.94.207
17,Nick,Waldron,nwaldrong@t.co,Male,129.15.74.254
18,Geraldine,Joicey,gjoiceyh@lycos.com,Female,224.98.139.254
19,Any,Dekeyser,adekeyseri@npr.org,Male,24.109.201.25
20,Tabor,Tawn,ttawnj@t-online.de,Male,237.207.122.73
21,Neal,Ledwitch,nledwitchk@un.org,Male,215.101.5.170
22,Constancy,Johnsee,cjohnseel@scientificamerican.com,Female,204.37.58.55
23,Nancy,Dilleway,ndillewaym@list-manage.com,Female,241.71.139.169
24,Mar,Cator,mcatorn@seattletimes.com,Male,131.12.243.245
25,Leora,Ludwell,lludwello@huffingtonpost.com,Female,185.199.80.33
26,Alain,McRannell,amcrannellp@oracle.com,Male,184.112.59.247
27,Tawsha,Thouless,tthoulessq@ow.ly,Female,69.158.217.235
28,Hernando,Abernethy,habernethyr@sogou.com,Male,13.44.97.140
29,Kristien,Forson,kforsons@ucoz.com,Female,31.42.250.86
30,Dominik,Hubbucke,dhubbucket@epa.gov,Male,122.12.6.253
31,Jacquette,Seven,jsevenu@toplist.cz,Female,188.46.82.78
32,Corey,Twelves,ctwelvesv@va.gov,Female,134.235.180.78
33,Arman,Youles,ayoulesw@amazon.co.jp,Male,51.122.249.94
34,Burgess,Sidsaff,bsidsaffx@unesco.org,Genderfluid,49.204.6.172
35,Shirlene,Ryves,sryvesy@state.gov,Female,98.200.81.142
36,Maryrose,Lockhurst,mlockhurstz@hibu.com,Female,64.18.167.99
37,Smith,Kineton,skineton10@census.gov,Male,108.227.79.147
38,Christoph,Tellesson,ctellesson11@fema.gov,Male,126.159.39.89
39,Quinn,Plaice,qplaice12@about.com,Female,30.153.244.224
40,Daren,Houlston,dhoulston13@wikispaces.com,Male,192.205.138.17
41,Odette,Mulcock,omulcock14@foxnews.com,Female,92.52.39.253
42,Kennith,Friary,kfriary15@blinklist.com,Genderqueer,230.232.15.20
43,Drusy,Cornhill,dcornhill16@soup.io,Female,55.231.232.208
44,Pru,Tolomelli,ptolomelli17@paginegialle.it,Polygender,34.138.166.180
45,Bertrand,Conrath,bconrath18@histats.com,Male,255.144.59.36
46,Brittaney,Wallege,bwallege19@ustream.tv,Female,194.222.92.86
47,Libbey,Hodgets,lhodgets1a@gov.uk,Agender,184.152.65.164
48,Jane,Dragonette,jdragonette1b@sciencedaily.com,Female,220.222.82.255
49,Mendy,Edger,medger1c@google.ru,Male,110.176.50.163
50,Cortney,Aidler,caidler1d@github.io,Female,109.168.113.190
51,Garv,Bedbury,gbedbury1e@angelfire.com,Bigender,83.0.46.84
52,Stevy,Redley,sredley1f@forbes.com,Male,63.31.36.129
53,Viole,Basek,vbasek1g@state.gov,Female,5.227.148.8
54,Bill,Hucke,bhucke1h@globo.com,Agender,77.188.139.95
55,Alfy,Damrel,adamrel1i@hubpages.com,Male,138.162.234.243
56,Kerwinn,Tubbles,ktubbles1j@meetup.com,Male,69.5.12.13
57,Ardis,Santus,asantus1k@nyu.edu,Female,218.74.39.140
58,Rebekkah,Hankins,rhankins1l@bravesites.com,Female,91.74.254.201
59,Gerrie,Flatley,gflatley1m@adobe.com,Female,88.6.222.42
60,Devon,Adriani,dadriani1n@youtube.com,Female,187.81.226.215
61,Marna,Bucham,mbucham1o@so-net.ne.jp,Female,242.236.19.151
62,Rochell,Van Dalen,rvandalen1p@vkontakte.ru,Female,232.24.196.97
63,Margalit,Cristoforo,mcristoforo1q@macromedia.com,Female,219.36.232.202
64,Padraig,Downing,pdowning1r@booking.com,Male,175.56.75.88
65,Loutitia,Dungey,ldungey1s@hostgator.com,Female,213.12.43.197
66,Ellene,Nanetti,enanetti1t@google.de,Female,215.33.65.240
67,Moshe,Wyllie,mwyllie1u@phoca.cz,Male,4.205.143.119
68,Jeno,Wendover,jwendover1v@about.me,Male,255.44.182.19
69,Arnaldo,Vooght,avooght1w@mtv.com,Genderqueer,89.47.10.2
70,Mace,Windus,mwindus1x@reddit.com,Male,48.36.13.251
71,Gabrila,Haffenden,ghaffenden1y@theatlantic.com,Female,216.93.214.55
72,Kesley,Trayton,ktrayton1z@tuttocitta.it,Female,79.128.11.168
73,Lannie,Winspeare,lwinspeare20@51.la,Male,248.198.71.242
74,Nicolais,Skydall,nskydall21@nih.gov,Male,249.160.54.213
75,Flossy,Quadling,fquadling22@cbsnews.com,Female,248.67.221.83
76,Vaughn,Spinage,vspinage23@g.co,Male,193.117.102.77
77,Larisa,Simione,lsimione24@histats.com,Female,182.75.250.116
78,Wilden,Pitblado,wpitblado25@state.tx.us,Male,38.191.232.149
79,Lolly,Falconar,lfalconar26@aboutads.info,Female,39.28.110.206
80,Adelheid,Tipler,atipler27@blog.com,Female,106.65.199.186
81,Daphne,Mawson,dmawson28@drupal.org,Female,233.49.180.100
82,Temp,Woodstock,twoodstock29@mayoclinic.com,Agender,149.131.223.0
83,Neddy,Hablot,nhablot2a@weibo.com,Male,165.179.245.192
84,Leena,Dabel,ldabel2b@examiner.com,Female,109.253.111.59
85,Rodd,Balharry,rbalharry2c@indiatimes.com,Male,78.36.133.21
86,Jackquelin,Rubinlicht,jrubinlicht2d@biglobe.ne.jp,Female,17.225.155.181
87,Brucie,Cisar,bcisar2e@storify.com,Male,175.236.239.16
88,Vidovic,McMearty,vmcmearty2f@de.vu,Male,171.229.174.161
89,Paulina,McCaffrey,pmccaffrey2g@theatlantic.com,Female,236.55.133.157
90,Leupold,Blockey,lblockey2h@vistaprint.com,Male,60.229.93.86
91,Burg,Caen,bcaen2i@redcross.org,Male,49.160.67.220
92,Brion,Smillie,bsmillie2j@redcross.org,Male,215.19.172.15
93,Simona,Merrifield,smerrifield2k@weather.com,Female,125.240.109.231
94,Filberte,Christou,fchristou2l@storify.com,Male,98.68.154.204
95,Bearnard,Fibbit,bfibbit2m@parallels.com,Male,235.227.121.155
96,Floris,Conwell,fconwell2n@dedecms.com,Non-binary,37.146.75.247
97,Sigismundo,Szymanzyk,sszymanzyk2o@umn.edu,Male,94.145.104.239
98,Trudi,Waldrum,twaldrum2p@liveinternet.ru,Bigender,175.25.90.156
99,Kingsly,Burchell,kburchell2q@webmd.com,Male,97.184.45.255
100,Ferguson,Reason,freason2r@google.nl,Male,239.215.249.237
101,Kasper,McFaul,kmcfaul2s@infoseek.co.jp,Male,17.172.224.159
102,Homere,Pleven,hpleven2t@senate.gov,Male,101.221.22.81
103,Lowrance,Sealey,lsealey2u@rambler.ru,Male,227.89.26.136
104,Niels,Roylance,nroylance2v@twitter.com,Male,16.154.185.119
105,Ruben,Kramer,rkramer2w@cbslocal.com,Male,144.137.13.154
106,Norry,Paradyce,nparadyce2x@japanpost.jp,Male,46.173.243.50
107,Burg,McCaughan,bmccaughan2y@google.com,Male,215.110.117.133
108,Lilly,Trunkfield,ltrunkfield2z@netscape.com,Female,101.231.94.142
109,Malory,Loweth,mloweth30@redcross.org,Agender,196.149.250.33
110,Gannon,Wife,gwife31@taobao.com,Male,170.54.86.67
111,Josefina,Issacoff,jissacoff32@reddit.com,Female,245.223.191.111
112,Bentley,Merman,bmerman33@facebook.com,Male,130.208.0.240
113,Bay,Choulerton,bchoulerton34@technorati.com,Male,188.173.202.29
114,Avivah,Lygo,alygo35@cpanel.net,Female,87.90.247.13
115,Gordan,Grogono,ggrogono36@csmonitor.com,Male,219.76.118.112
116,Brander,Pelos,bpelos37@ebay.com,Male,254.24.185.187
117,Rowan,Syphus,rsyphus38@google.com.hk,Male,103.207.144.23
118,Nyssa,Heal,nheal39@friendfeed.com,Female,2.185.170.242
119,Jehu,Glassopp,jglassopp3a@un.org,Male,183.94.155.172
120,Bonni,Biever,bbiever3b@oaic.gov.au,Female,255.228.139.60
121,Paxon,D'Souza,pdsouza3c@mac.com,Male,76.162.165.73
122,Gardiner,Jeandot,gjeandot3d@sitemeter.com,Male,142.9.221.85
123,Cobbie,Pomeroy,cpomeroy3e@networkadvertising.org,Male,236.222.100.251
124,Julian,Fergie,jfergie3f@loc.gov,Male,205.218.198.196
125,Ban,Belhome,bbelhome3g@abc.net.au,Male,205.199.114.114
126,Jessey,Abbs,jabbs3h@ask.com,Male,224.149.42.157
127,Sara,Bedberry,sbedberry3i@mapy.cz,Female,248.247.200.89
128,Jessamine,Rarity,jrarity3j@forbes.com,Female,155.225.166.245
129,Howey,Cullington,hcullington3k@list-manage.com,Male,110.0.72.106
130,Eileen,Havis,ehavis3l@symantec.com,Female,36.93.21.120
131,Husain,Rapsey,hrapsey3m@craigslist.org,Male,62.172.16.204
132,Darb,Kimbury,dkimbury3n@dot.gov,Female,228.8.207.210
133,Wolf,Wreford,wwreford3o@home.pl,Genderqueer,142.111.23.72
134,Carline,Gheorghe,cgheorghe3p@google.com.br,Female,35.193.52.111
135,Garek,Biffen,gbiffen3q@tmall.com,Non-binary,187.150.78.95
136,Meg,Milroy,mmilroy3r@live.com,Agender,133.164.126.81
137,Gena,Domeny,gdomeny3s@addtoany.com,Female,16.68.5.57
138,Malinda,Bloomfield,mbloomfield3t@cpanel.net,Female,196.20.170.149
139,Tanner,Draaisma,tdraaisma3u@dagondesign.com,Polygender,197.100.26.145
140,Kalinda,Grinaway,kgrinaway3v@fc2.com,Female,175.174.122.28
141,Ricoriki,Thomel,rthomel3w@unc.edu,Male,190.213.193.55
142,Teodor,Squibe,tsquibe3x@ezinearticles.com,Male,131.171.235.91
143,Anabel,Leile,aleile3y@lulu.com,Agender,29.181.236.164
144,Marquita,Ruddiforth,mruddiforth3z@google.co.jp,Genderqueer,97.95.68.253
145,Rebbecca,Twitchings,rtwitchings40@ca.gov,Female,66.100.189.107
146,Drucy,Sympson,dsympson41@cloudflare.com,Female,165.224.248.179
147,Erinna,Klampt,eklampt42@mediafire.com,Female,151.186.187.237
148,Megan,Caseley,mcaseley43@wiley.com,Female,17.111.146.194
149,Ronnie,Beadon,rbeadon44@plala.or.jp,Female,38.184.104.110
150,Batsheva,McFadzean,bmcfadzean45@answers.com,Female,157.112.255.247
151,Kristen,Celler,kceller46@yahoo.com,Female,214.25.175.126
152,Alix,Strutz,astrutz47@princeton.edu,Agender,248.95.55.205
153,Ced,Baselio,cbaselio48@scribd.com,Male,52.157.250.64
154,Linc,Yerbury,lyerbury49@live.com,Male,249.24.157.157
155,Georgette,Tarbin,gtarbin4a@soundcloud.com,Female,208.154.44.134
156,Audrey,Lattos,alattos4b@creativecommons.org,Female,91.47.103.214
157,Fraser,Chittock,fchittock4c@ocn.ne.jp,Male,240.215.89.45
158,Robinet,Belin,rbelin4d@miibeian.gov.cn,Male,193.221.222.109
159,Byrle,Prest,bprest4e@etsy.com,Male,136.180.107.77
160,Cordie,Mackley,cmackley4f@sakura.ne.jp,Female,175.201.156.70
161,Yetty,Vlasyuk,yvlasyuk4g@cdbaby.com,Female,146.117.154.87
162,Crosby,Tirrell,ctirrell4h@odnoklassniki.ru,Male,141.93.141.70
163,Celie,Cohr,ccohr4i@diigo.com,Female,151.172.69.77
164,Meade,Lammerding,mlammerding4j@phpbb.com,Female,155.144.129.231
165,Kara-lynn,Bellew,kbellew4k@samsung.com,Female,12.140.49.165
166,Karin,Featley,kfeatley4l@bbb.org,Female,41.56.38.147
167,Boyce,Persent,bpersent4m@plala.or.jp,Non-binary,77.149.117.249
168,Ida,Dainty,idainty4n@sina.com.cn,Female,120.236.116.47
169,Dorelle,Aughtie,daughtie4o@goo.gl,Female,99.209.91.215
170,Budd,Timlett,btimlett4p@fc2.com,Male,146.66.164.202
171,Clarabelle,Comberbach,ccomberbach4q@a8.net,Female,241.109.208.53
172,Isabeau,Dye,idye4r@ebay.co.uk,Female,235.77.167.113
173,Maureene,Larive,mlarive4s@acquirethisname.com,Female,40.125.219.74
174,Stearne,Gradon,sgradon4t@telegraph.co.uk,Male,102.77.170.91
175,Bree,Collman,bcollman4u@hugedomains.com,Female,5.241.144.179
176,Georgina,Dorrity,gdorrity4v@alexa.com,Female,82.183.122.147
177,Dallis,Goudman,dgoudman4w@icio.us,Male,250.95.8.39
178,Keenan,Moulding,kmoulding4x@nasa.gov,Male,51.239.60.27
179,Gradeigh,Bridgeman,gbridgeman4y@desdev.cn,Male,92.244.139.104
180,Elladine,Osbidston,eosbidston4z@mtv.com,Female,187.215.223.25
181,Camala,Howard - Gater,chowardgater50@instagram.com,Female,35.79.130.169
182,Lezley,Otham,lotham51@google.de,Male,10.163.196.158
183,Jinny,Aaronsohn,jaaronsohn52@wsj.com,Female,64.108.152.169
184,Maude,Clowsley,mclowsley53@ning.com,Female,23.183.186.152
185,Hort,Nuemann,hnuemann54@irs.gov,Male,148.204.122.185
186,Martelle,Littlefield,mlittlefield55@nationalgeographic.com,Female,36.198.215.87
187,Ric,Keenleyside,rkeenleyside56@homestead.com,Genderqueer,95.115.165.51
188,Alysa,Lundon,alundon57@netvibes.com,Female,198.85.212.165
189,Menard,Hairsine,mhairsine58@seesaa.net,Male,169.171.247.194
190,Hallsy,Bootell,hbootell59@dailymotion.com,Male,85.6.152.92
191,Alyse,Buttfield,abuttfield5a@auda.org.au,Female,174.124.62.101
192,Antonino,Rappport,arappport5b@tinyurl.com,Male,46.141.176.250
193,Daphne,Lumb,dlumb5c@cisco.com,Female,128.57.203.110
194,Sioux,Goodbarr,sgoodbarr5d@geocities.com,Female,42.171.165.227
195,Pattie,Greeveson,pgreeveson5e@macromedia.com,Male,241.9.113.164
196,Saxe,Gregersen,sgregersen5f@homestead.com,Male,246.198.236.193
197,Pascal,Farryann,pfarryann5g@msn.com,Male,63.162.90.88
198,Dew,Paulitschke,dpaulitschke5h@etsy.com,Male,163.197.156.223
199,Katti,Sarch,ksarch5i@webnode.com,Female,62.140.172.202
200,Barton,McCrow,bmccrow5j@nydailynews.com,Male,86.38.14.241
201,Trude,Took,ttook5k@google.cn,Female,252.168.179.42
202,Crin,Janczak,cjanczak5l@youku.com,Agender,33.181.60.158
203,Aloise,Kynder,akynder5m@deliciousdays.com,Female,242.206.189.251
204,Gaynor,Fisbey,gfisbey5n@twitpic.com,Female,200.20.214.100
205,Bob,Dethloff,bdethloff5o@networkadvertising.org,Male,208.28.138.169
206,Carolynn,Whatsize,cwhatsize5p@zimbio.com,Female,4.111.211.144
207,Walden,Ackroyd,wackroyd5q@comsenz.com,Male,218.135.191.11
208,Ardis,Pettiford,apettiford5r@merriam-webster.com,Agender,196.25.139.117
209,Lewiss,Whoolehan,lwhoolehan5s@ifeng.com,Male,192.152.0.207
210,Piggy,Kubin,pkubin5t@yelp.com,Male,101.19.240.127
211,Marya,Esmead,mesmead5u@stanford.edu,Non-binary,214.168.213.20
212,Ajay,Witter,awitter5v@flavors.me,Female,11.69.185.242
213,Kenyon,Stephens,kstephens5w@dmoz.org,Male,86.98.50.232
214,Tristam,Purkis,tpurkis5x@infoseek.co.jp,Male,9.27.215.155
215,Eran,Quigley,equigley5y@bbc.co.uk,Female,164.41.86.94
216,Justino,Mosson,jmosson5z@archive.org,Male,134.145.218.75
217,Laina,De La Cote,ldelacote60@shinystat.com,Female,148.141.166.87
218,Tomi,Paxeford,tpaxeford61@i2i.jp,Female,202.208.26.100
219,Dulce,Lohmeyer,dlohmeyer62@nifty.com,Polygender,243.185.220.107
220,Gilles,Capes,gcapes63@ted.com,Male,168.38.206.31
221,Rivi,Sant,rsant64@bbb.org,Female,109.128.185.230
222,Oren,Lowe,olowe65@dagondesign.com,Male,173.247.27.240
223,Breena,Sawnwy,bsawnwy66@webnode.com,Female,147.111.191.10
224,Brandie,Signoret,bsignoret67@imageshack.us,Female,164.90.195.246
225,Carlie,McMillian,cmcmillian68@moonfruit.com,Female,52.238.197.108
226,Borden,Goney,bgoney69@nyu.edu,Male,73.84.177.166
227,Duke,Corless,dcorless6a@sfgate.com,Male,200.23.145.69
228,Ellis,Moses,emoses6b@skype.com,Male,143.15.83.69
229,Quinlan,Stobbart,qstobbart6c@cnn.com,Male,239.109.185.186
230,Edgardo,Beynkn,ebeynkn6d@youtu.be,Male,77.168.99.61
231,Giffy,Edgecombe,gedgecombe6e@microsoft.com,Bigender,30.214.137.12
232,Dorelia,Sphinxe,dsphinxe6f@pbs.org,Female,84.182.253.63
233,Hale,Souza,hsouza6g@exblog.jp,Male,110.219.184.228
234,Mildrid,Aberdeen,maberdeen6h@macromedia.com,Female,255.169.60.189
235,Vanda,Renshall,vrenshall6i@wsj.com,Female,126.105.85.210
236,Weylin,Trowill,wtrowill6j@engadget.com,Male,181.139.123.104
237,Marget,Puller,mpuller6k@senate.gov,Female,229.113.70.126
238,Dunn,Forrington,dforrington6l@live.com,Male,172.212.254.29
239,Kimmi,Slessor,kslessor6m@sitemeter.com,Genderfluid,63.34.68.37
240,Owen,Bayne,obayne6n@cisco.com,Bigender,246.46.240.83
241,Rancell,Cosley,rcosley6o@sun.com,Male,100.125.101.135
242,Amanda,Bertomieu,abertomieu6p@ocn.ne.jp,Agender,221.150.3.21
243,Leticia,Gostall,lgostall6q@stumbleupon.com,Genderqueer,52.117.93.247
244,Justino,Manuely,jmanuely6r@trellian.com,Male,11.251.93.124
245,Neron,Whawell,nwhawell6s@unc.edu,Male,27.170.96.71
246,Celestyn,Boness,cboness6t@yelp.com,Female,13.84.225.83
247,Moritz,Parsley,mparsley6u@vimeo.com,Male,201.174.35.192
248,Eustacia,McGray,emcgray6v@usnews.com,Female,230.142.212.236
249,Melodie,Starkings,mstarkings6w@businessinsider.com,Non-binary,225.10.71.128
250,Tawsha,Aitcheson,taitcheson6x@cdc.gov,Female,1.154.228.56
251,Bobbee,Bastistini,bbastistini6y@feedburner.com,Female,24.158.6.189
252,Kaja,O'Shirine,koshirine6z@eepurl.com,Female,161.123.159.212
253,Carly,Borthwick,cborthwick70@ft.com,Male,218.160.142.133
254,Davine,Hitcham,dhitcham71@cnn.com,Female,223.250.245.13
255,Alethea,Botha,abotha72@google.com.hk,Female,245.56.198.9
256,Clarance,Gheorghie,cgheorghie73@a8.net,Male,161.85.38.121
257,Libbi,MacAne,lmacane74@people.com.cn,Female,107.190.255.61
258,Kelcey,Gartrell,kgartrell75@wiley.com,Female,202.170.221.24
259,Slade,Ros,sros76@tinypic.com,Male,64.150.172.68
260,Ermin,Fritter,efritter77@twitpic.com,Male,199.187.46.111
261,Cullan,von Grollmann,cvongrollmann78@angelfire.com,Male,7.251.2.145
262,Rodolphe,Baldack,rbaldack79@php.net,Male,160.146.88.10
263,Corby,Edridge,cedridge7a@ning.com,Male,156.76.71.65
264,Kingsley,Rubinovitsch,krubinovitsch7b@jugem.jp,Male,94.171.87.240
265,Viv,Burnsides,vburnsides7c@hud.gov,Female,216.125.114.77
266,Phil,Rushbrooke,prushbrooke7d@usda.gov,Female,200.96.136.0
267,Ulrick,Clutram,uclutram7e@google.fr,Male,140.232.108.103
268,Emmie,Stoddart,estoddart7f@blogs.com,Female,53.180.30.129
269,Minetta,Goolding,mgoolding7g@dedecms.com,Non-binary,147.170.53.156
270,Shell,Bowlands,sbowlands7h@dailymotion.com,Male,38.205.57.223
271,Stephana,MacGall,smacgall7i@army.mil,Female,116.242.42.55
272,Vikky,Harvey,vharvey7j@bandcamp.com,Female,19.240.75.34
273,Fredrika,Chisman,fchisman7k@shinystat.com,Female,69.94.167.233
274,Arni,Dovey,adovey7l@ask.com,Male,121.172.199.61
275,Ramona,Mancktelow,rmancktelow7m@addthis.com,Female,37.127.22.255
276,Linette,Tapscott,ltapscott7n@pcworld.com,Female,176.218.193.159
277,Caro,Cove,ccove7o@newyorker.com,Female,71.23.38.7
278,Jephthah,Swannick,jswannick7p@shop-pro.jp,Male,29.59.231.52
279,Ruthie,Collete,rcollete7q@yandex.ru,Female,123.78.171.209
280,Karola,Northin,knorthin7r@qq.com,Non-binary,136.255.116.223
281,Grenville,Weldrick,gweldrick7s@craigslist.org,Male,148.59.160.13
282,Kimmy,MacTrustam,kmactrustam7t@163.com,Agender,255.162.131.233
283,Peggi,Laven,plaven7u@imgur.com,Female,40.131.15.41
284,Emory,Brignall,ebrignall7v@fastcompany.com,Genderfluid,85.3.49.34
285,Carlota,Kevane,ckevane7w@myspace.com,Female,220.3.106.245
286,Kerry,Poizer,kpoizer7x@nationalgeographic.com,Male,31.162.88.138
287,Abe,Pien,apien7y@amazon.co.uk,Polygender,25.226.94.12
288,Josi,Hebblewhite,jhebblewhite7z@pagesperso-orange.fr,Female,59.193.236.124
289,Dimitry,Phelp,dphelp80@unblog.fr,Male,33.162.251.165
290,Raviv,Sheavills,rsheavills81@paypal.com,Male,210.202.209.181
291,Wilmar,Brusby,wbrusby82@comcast.net,Male,238.147.225.122
292,Dannel,Gurys,dgurys83@google.co.jp,Male,5.90.141.68
293,Genia,Cowoppe,gcowoppe84@google.co.jp,Female,55.96.162.150
294,Nate,Lamden,nlamden85@mediafire.com,Male,0.30.0.164
295,Rockwell,Thackwray,rthackwray86@soundcloud.com,Male,67.126.82.12
296,Gonzales,Coppeard,gcoppeard87@artisteer.com,Male,172.121.118.39
297,Adriano,Elsom,aelsom88@tripadvisor.com,Male,238.136.233.176
298,Loni,Eusden,leusden89@flickr.com,Female,75.60.240.89
299,Ody,Fairfoot,ofairfoot8a@ycombinator.com,Male,247.31.211.128
300,Tyler,Brumpton,tbrumpton8b@studiopress.com,Male,161.211.165.196
301,Rahel,Bees,rbees8c@merriam-webster.com,Female,120.159.63.28
302,Joanie,Fibbings,jfibbings8d@live.com,Female,240.95.11.85
303,Jerrine,Keirl,jkeirl8e@goo.ne.jp,Genderqueer,66.148.146.112
304,Darda,Stichall,dstichall8f@vimeo.com,Female,247.37.232.148
305,Padraig,Ellesmere,pellesmere8g@shinystat.com,Male,196.187.70.59
306,Julie,Mahomet,jmahomet8h@123-reg.co.uk,Female,206.254.125.175
307,Olag,Kira,okira8i@zimbio.com,Male,6.167.144.75
308,Gradeigh,Harris,gharris8j@hugedomains.com,Male,165.3.42.199
309,Amory,Stayt,astayt8k@odnoklassniki.ru,Male,58.47.161.112
310,Giuseppe,Chasney,gchasney8l@wsj.com,Bigender,240.4.183.78
311,Gregorius,Lyon,glyon8m@bloomberg.com,Male,209.17.141.106
312,Gretchen,Hollows,ghollows8n@unblog.fr,Female,207.9.238.155
313,Melba,Heibl,mheibl8o@mozilla.org,Female,81.44.81.58
314,Jeannette,Sappson,jsappson8p@wp.com,Female,79.206.189.218
315,Alethea,Start,astart8q@shareasale.com,Female,60.102.202.76
316,Janey,MacDirmid,jmacdirmid8r@macromedia.com,Female,68.111.46.157
317,Lorena,Deakes,ldeakes8s@free.fr,Female,139.24.17.154
318,Sissy,Twiname,stwiname8t@nasa.gov,Agender,123.115.77.105
319,Nolan,Burdell,nburdell8u@google.co.uk,Genderqueer,207.70.138.226
320,Dulce,Spickett,dspickett8v@mysql.com,Female,22.217.116.149
321,Carmita,Penlington,cpenlington8w@addtoany.com,Female,79.78.186.213
322,Reynolds,Dyhouse,rdyhouse8x@is.gd,Male,89.134.97.3
323,Eb,Jamblin,ejamblin8y@live.com,Male,135.118.176.125
324,Caroline,Beckhurst,cbeckhurst8z@fc2.com,Female,139.167.114.204
325,Laughton,Huxley,lhuxley90@un.org,Male,62.60.130.12
326,Mischa,Rubinovitch,mrubinovitch91@state.tx.us,Male,254.191.172.162
327,Eyde,Forbear,eforbear92@hud.gov,Female,214.20.25.244
328,Corabel,Drohun,cdrohun93@intel.com,Female,146.107.8.84
329,Gabey,Gavagan,ggavagan94@va.gov,Female,166.220.99.77
330,Laurie,Frome,lfrome95@slate.com,Male,162.1.156.220
331,Fina,Pellington,fpellington96@vimeo.com,Female,93.160.14.162
332,Herold,Dreng,hdreng97@statcounter.com,Male,1.218.10.241
333,Shanan,Gayter,sgayter98@domainmarket.com,Male,41.192.134.229
334,Lena,Konerding,lkonerding99@plala.or.jp,Female,253.109.57.180
335,Giulia,FitzGilbert,gfitzgilbert9a@auda.org.au,Female,40.134.151.7
336,Les,Beldham,lbeldham9b@un.org,Male,63.211.100.114
337,Kane,Hubbocks,khubbocks9c@psu.edu,Male,46.46.115.51
338,Timmy,Keogh,tkeogh9d@elegantthemes.com,Female,95.76.92.148
339,Codie,Henze,chenze9e@usgs.gov,Female,38.96.215.20
340,Wheeler,Assiter,wassiter9f@jigsy.com,Male,143.65.135.102
341,Winslow,Tigner,wtigner9g@abc.net.au,Male,169.3.141.195
342,Ray,Tomaskunas,rtomaskunas9h@cnn.com,Male,208.237.117.102
343,Giordano,Elsmore,gelsmore9i@dion.ne.jp,Genderfluid,160.102.10.207
344,Oberon,Chataignier,ochataignier9j@washingtonpost.com,Male,17.206.123.223
345,Renelle,Jerrom,rjerrom9k@123-reg.co.uk,Polygender,204.207.154.215
346,Zachariah,Halksworth,zhalksworth9l@cargocollective.com,Male,151.43.94.249
347,Lela,Headings,lheadings9m@hud.gov,Female,135.211.152.40
348,Prudence,Heed,pheed9n@tamu.edu,Non-binary,226.121.167.195
349,Binni,Dewsbury,bdewsbury9o@tuttocitta.it,Genderfluid,199.243.144.183
350,Tandy,Code,tcode9p@xing.com,Female,177.108.37.84
351,Kliment,Wyant,kwyant9q@toplist.cz,Male,191.99.101.5
352,Valina,Trowbridge,vtrowbridge9r@nbcnews.com,Female,206.83.154.59
353,Eli,Kyffin,ekyffin9s@dmoz.org,Male,147.33.199.84
354,Diarmid,Elrick,delrick9t@hostgator.com,Male,251.215.203.10
355,Ara,Lafontaine,alafontaine9u@archive.org,Female,221.195.112.30
356,Sansone,Croxall,scroxall9v@ning.com,Male,113.222.95.222
357,Abner,Matcham,amatcham9w@live.com,Male,134.44.215.96
358,Matty,Ellacott,mellacott9x@scribd.com,Male,31.69.73.199
359,Tara,Ellif,tellif9y@wikimedia.org,Female,21.69.118.29
360,Eduard,Jowett,ejowett9z@newyorker.com,Male,215.93.253.93
361,Werner,Skivington,wskivingtona0@usa.gov,Male,214.231.192.139
362,Lothario,Plastow,lplastowa1@mashable.com,Male,17.175.246.109
363,Cordy,Agett,cagetta2@joomla.org,Male,139.166.78.30
364,Leora,Shaudfurth,lshaudfurtha3@craigslist.org,Female,67.115.29.110
365,Edna,Sowerbutts,esowerbuttsa4@constantcontact.com,Female,153.109.18.29
366,Davie,Walsh,dwalsha5@shinystat.com,Male,128.33.19.240
367,Colette,Devenport,cdevenporta6@yellowbook.com,Female,70.111.227.146
368,Kristyn,Winterton,kwintertona7@dailymotion.com,Female,161.156.241.200
369,Easter,Redfearn,eredfearna8@php.net,Female,35.50.68.17
370,Teodorico,Greville,tgrevillea9@studiopress.com,Male,46.14.63.115
371,Ollie,Godehard.sf,ogodehardsfaa@flickr.com,Male,79.180.168.132
372,Sunny,Surr,ssurrab@blog.com,Male,226.237.20.143
373,Dan,Tukely,dtukelyac@cdc.gov,Male,26.74.138.213
374,Florenza,Bosence,fbosencead@sogou.com,Female,235.126.104.84
375,Darill,Jindrich,djindrichae@reference.com,Non-binary,247.37.60.96
376,Harmony,Bazoche,hbazocheaf@odnoklassniki.ru,Female,37.39.173.33
377,Halli,Draper,hdraperag@icq.com,Female,144.248.181.137
378,Clayton,Greson,cgresonah@foxnews.com,Male,33.40.200.137
379,Rosie,Ludlom,rludlomai@php.net,Female,237.168.84.251
380,Findlay,Dring,fdringaj@posterous.com,Male,174.138.50.84
381,Cort,Oventon,coventonak@123-reg.co.uk,Male,186.174.12.238
382,Gabriella,Shippey,gshippeyal@nationalgeographic.com,Female,187.4.4.156
383,Hercule,Whyte,hwhyteam@walmart.com,Male,45.164.121.224
384,Cecilio,Billam,cbillaman@nydailynews.com,Male,223.68.107.143
385,Ola,Zute,ozuteao@oakley.com,Female,230.6.54.219
386,Baldwin,Edney,bedneyap@t.co,Male,107.25.179.153
387,Fiorenze,Hanmore,fhanmoreaq@illinois.edu,Female,110.25.128.132
388,Joelynn,Burk,jburkar@addthis.com,Female,143.207.152.253
389,Cherice,Osman,cosmanas@msu.edu,Female,56.93.100.157
390,Frazer,Colbran,fcolbranat@sourceforge.net,Male,38.25.232.3
391,Cinderella,Kenealy,ckenealyau@wix.com,Genderfluid,37.47.128.105
392,Wini,Clemence,wclemenceav@reuters.com,Female,193.231.118.217
393,Kaja,Rasmus,krasmusaw@prlog.org,Female,98.4.188.223
394,Faber,Bezant,fbezantax@sohu.com,Non-binary,228.208.180.187
395,Uriel,Flux,ufluxay@vistaprint.com,Male,132.227.16.134
396,Hildy,Jerrans,hjerransaz@nhs.uk,Non-binary,112.131.187.66
397,Tabby,Lydster,tlydsterb0@reddit.com,Female,6.198.170.165
398,Christian,Simco,csimcob1@furl.net,Male,188.246.138.99
399,Sollie,Chartre,schartreb2@xinhuanet.com,Male,16.105.56.167
400,Rourke,Pudsey,rpudseyb3@imageshack.us,Male,106.15.172.229
401,Emanuel,Teesdale,eteesdaleb4@amazon.de,Male,238.112.152.252
402,Tonnie,Crain,tcrainb5@last.fm,Male,49.33.213.244
403,Silvester,Findley,sfindleyb6@clickbank.net,Male,213.50.70.66
404,Maynard,Leonida,mleonidab7@techcrunch.com,Male,174.187.58.127
405,Maggi,Dowley,mdowleyb8@eepurl.com,Female,209.212.230.232
406,Michele,Steptowe,msteptoweb9@delicious.com,Male,0.201.245.160
407,Morgana,Hollows,mhollowsba@chicagotribune.com,Female,93.116.23.155
408,Zane,Hortop,zhortopbb@nps.gov,Male,225.238.68.77
409,Noreen,Gronav,ngronavbc@joomla.org,Polygender,189.89.46.215
410,Onfre,O'Deoran,oodeoranbd@answers.com,Male,49.101.230.104
411,Darcey,Kiln,dkilnbe@photobucket.com,Female,183.238.51.6
412,Miguel,Thickens,mthickensbf@dell.com,Male,35.127.53.193
413,Farrah,Coorington,fcooringtonbg@utexas.edu,Female,154.171.102.4
414,Otha,De Ferraris,odeferrarisbh@vistaprint.com,Female,56.247.219.170
415,Palm,Rivalant,privalantbi@ft.com,Male,121.22.135.150
416,Blisse,Clibbery,bclibberybj@chron.com,Female,135.212.195.240
417,Sammy,Kitcherside,skitchersidebk@ibm.com,Male,223.117.143.196
418,Edgar,Feechum,efeechumbl@icio.us,Male,236.48.79.219
419,Evie,Welch,ewelchbm@prnewswire.com,Female,196.205.145.149
420,Padriac,Pretorius,ppretoriusbn@foxnews.com,Male,159.189.6.116
421,Tammy,Hoggins,thogginsbo@blog.com,Male,62.157.200.45
422,Kessia,Daingerfield,kdaingerfieldbp@earthlink.net,Female,187.246.194.48
423,Brendin,Frome,bfromebq@geocities.jp,Male,55.130.133.9
424,Errick,Mathes,emathesbr@google.nl,Male,117.200.119.184
425,Obed,Abbison,oabbisonbs@bravesites.com,Male,217.58.181.33
426,Tobie,Philippsohn,tphilippsohnbt@unesco.org,Male,35.98.39.178
427,Anson,Menloe,amenloebu@usgs.gov,Male,123.113.14.72
428,Pandora,Nuttall,pnuttallbv@ted.com,Female,181.0.161.168
429,Olivia,Tysall,otysallbw@ted.com,Female,110.19.209.61
430,Trix,Branton,tbrantonbx@upenn.edu,Female,232.130.53.117
431,Biddy,Potier,bpotierby@apple.com,Female,90.42.156.252
432,Bernetta,Perrinchief,bperrinchiefbz@washington.edu,Female,158.213.56.221
433,Garrett,Chaudret,gchaudretc0@simplemachines.org,Male,150.153.250.239
434,Chrisse,Hearsey,chearseyc1@fc2.com,Male,237.69.75.130
435,Freddy,Dellenty,fdellentyc2@cocolog-nifty.com,Male,10.123.25.49
436,Cordie,Berndtssen,cberndtssenc3@dagondesign.com,Male,73.84.57.183
437,Danice,O'Hannen,dohannenc4@wordpress.com,Female,222.160.219.36
438,Dela,Engelmann,dengelmannc5@gov.uk,Female,152.65.8.209
439,Clarence,Parriss,cparrissc6@biglobe.ne.jp,Male,220.48.57.55
440,Tedd,O Sullivan,tosullivanc7@de.vu,Male,190.147.9.99
441,Cordell,Camocke,ccamockec8@arstechnica.com,Male,40.3.55.143
442,Wood,Manolov,wmanolovc9@cdbaby.com,Male,22.139.182.136
443,Karlie,Robak,krobakca@reverbnation.com,Female,41.136.184.148
444,Dian,Wennington,dwenningtoncb@twitter.com,Female,210.231.80.147
445,Laure,Bielfeld,lbielfeldcc@goodreads.com,Female,199.122.86.28
446,Maxie,Janovsky,mjanovskycd@dell.com,Male,141.32.183.172
447,Solly,Ryman,srymance@ezinearticles.com,Male,77.24.129.168
448,Ortensia,Mansell,omansellcf@ovh.net,Bigender,114.145.102.247
449,Stephani,Galway,sgalwaycg@people.com.cn,Female,151.71.169.181
450,Fifine,Kennea,fkenneach@ft.com,Female,247.49.234.98
451,Jennie,Denver,jdenverci@altervista.org,Female,170.236.171.21
452,Kinny,Petrak,kpetrakcj@imdb.com,Male,222.229.192.151
453,Gal,Mardle,gmardleck@friendfeed.com,Male,188.155.41.66
454,Doralia,Garforth,dgarforthcl@ftc.gov,Bigender,161.240.189.41
455,Alexandro,Pindar,apindarcm@wsj.com,Male,6.154.77.44
456,Ashia,Kleehuhler,akleehuhlercn@weather.com,Female,128.61.135.222
457,Collen,Cosker,ccoskerco@vkontakte.ru,Genderqueer,101.10.243.235
458,Dorry,Hodcroft,dhodcroftcp@independent.co.uk,Female,150.22.176.68
459,Lorie,Ibbs,libbscq@goo.gl,Female,3.62.118.247
460,Emalee,Noton,enotoncr@theguardian.com,Female,40.210.110.19
461,Cosme,Friett,cfriettcs@barnesandnoble.com,Male,230.104.141.77
462,Roch,Mannock,rmannockct@disqus.com,Female,93.145.121.214
463,Georgi,Pepperell,gpepperellcu@tamu.edu,Male,61.174.228.91
464,Theobald,Sheircliffe,tsheircliffecv@ustream.tv,Male,89.161.42.243
465,Christine,Malins,cmalinscw@hatena.ne.jp,Female,79.140.246.79
466,Adamo,Givens,agivenscx@amazon.de,Male,253.79.120.80
467,Rayna,Siemandl,rsiemandlcy@google.com.br,Non-binary,53.149.78.10
468,Ignace,Lepope,ilepopecz@europa.eu,Male,188.12.231.222
469,Mikol,Haily,mhailyd0@studiopress.com,Agender,187.232.50.158
470,Lani,Reah,lreahd1@hugedomains.com,Female,234.144.254.36
471,Jean,Hub,jhubd2@naver.com,Female,7.112.57.77
472,Hart,Calleja,hcallejad3@pbs.org,Male,175.213.125.180
473,Shelden,Littlechild,slittlechildd4@opensource.org,Male,39.185.141.121
474,Virgilio,Chiverstone,vchiverstoned5@is.gd,Male,199.155.162.41
475,Bayard,Ackred,backredd6@behance.net,Male,27.214.73.20
476,Merle,Whittuck,mwhittuckd7@cyberchimps.com,Male,103.56.18.21
477,Laure,Presslee,lpressleed8@merriam-webster.com,Polygender,179.100.84.183
478,Vachel,Kauschke,vkauschked9@java.com,Male,53.87.12.181
479,Bee,MacAllan,bmacallanda@pagesperso-orange.fr,Female,119.200.14.26
480,Maribelle,Dmiterko,mdmiterkodb@comsenz.com,Polygender,36.185.105.234
481,Cheri,Jans,cjansdc@xrea.com,Female,226.218.237.145
482,Hubie,Huffa,hhuffadd@phoca.cz,Male,114.117.36.53
483,Albina,Brightie,abrightiede@harvard.edu,Female,131.4.77.170
484,Lydia,Mogridge,lmogridgedf@un.org,Female,59.109.208.123
485,Giorgio,Pawson,gpawsondg@github.com,Male,171.178.222.36
486,Rey,Britee,rbriteedh@multiply.com,Male,231.171.31.194
487,Aime,Garvagh,agarvaghdi@bandcamp.com,Female,238.249.144.221
488,Mildrid,Woodard,mwoodarddj@businesswire.com,Female,199.87.124.121
489,Leelah,Sisley,lsisleydk@e-recht24.de,Female,219.255.184.0
490,Gian,Haughin,ghaughindl@bravesites.com,Agender,95.204.134.110
491,Sinclare,Jowett,sjowettdm@example.com,Male,15.129.155.82
492,Olin,Harnott,oharnottdn@mayoclinic.com,Male,191.130.36.127
493,Lowell,Redler,lredlerdo@yandex.ru,Male,27.202.217.77
494,Gilbert,Wingar,gwingardp@weibo.com,Male,244.83.221.219
495,Ottilie,McNess,omcnessdq@gnu.org,Female,163.251.32.202
496,Talbot,Deering,tdeeringdr@nyu.edu,Male,95.249.230.208
497,Leyla,Pickersail,lpickersailds@squidoo.com,Female,188.6.72.39
498,Valene,Paterno,vpaternodt@sitemeter.com,Female,94.139.105.1
499,Brooks,Gain,bgaindu@shutterfly.com,Female,250.163.211.11
500,Laetitia,Laidler,llaidlerdv@rakuten.co.jp,Female,171.21.157.12
501,Evin,Martyns,emartynsdw@yahoo.com,Male,116.212.97.210
502,Lazarus,Spurett,lspurettdx@sciencedirect.com,Male,101.74.246.251
503,Issie,Franzolini,ifranzolinidy@wikipedia.org,Female,138.144.243.68
504,Sheba,Ladbrook,sladbrookdz@amazonaws.com,Female,45.136.230.247
505,Leda,Stoade,lstoadee0@microsoft.com,Female,169.208.233.198
506,Vickie,Harbron,vharbrone1@nasa.gov,Female,218.126.217.234
507,Chancey,Strike,cstrikee2@dion.ne.jp,Male,206.227.191.254
508,Bailey,Pitson,bpitsone3@businessweek.com,Male,167.99.53.116
509,Nessy,Trengrove,ntrengrovee4@photobucket.com,Female,172.51.60.9
510,Stillman,Harme,sharmee5@slideshare.net,Male,52.12.53.183
511,Lauree,Gott,lgotte6@usda.gov,Female,73.149.250.73
512,Shandee,Shelper,sshelpere7@gizmodo.com,Female,65.218.118.220
513,Darya,Bradden,dbraddene8@eventbrite.com,Female,38.229.33.85
514,Ahmad,Ubach,aubache9@com.com,Male,8.201.99.228
515,Danny,Scrafton,dscraftonea@mtv.com,Male,193.194.204.40
516,Griswold,Novkovic,gnovkoviceb@cbslocal.com,Male,206.201.44.245
517,Dasya,Varfalameev,dvarfalameevec@exblog.jp,Female,70.22.133.186
518,Tracy,Bernadon,tbernadoned@gizmodo.com,Female,79.95.24.106
519,Normand,Muir,nmuiree@scribd.com,Male,44.33.138.39
520,Ketty,Lonie,klonieef@youtube.com,Bigender,138.181.48.21
521,Matthieu,O'Growgane,mogrowganeeg@hp.com,Male,158.249.11.4
522,Halie,Gavrielly,hgavriellyeh@mlb.com,Female,81.92.26.136
523,Jonathan,Inggall,jinggallei@goo.ne.jp,Bigender,247.112.216.200
524,Renae,Ormerod,rormerodej@archive.org,Female,75.143.225.56
525,Aloisia,Davidou,adavidouek@google.pl,Female,158.211.152.136
526,Elysha,Bault,ebaultel@gmpg.org,Female,164.5.244.25
527,Gale,Alldred,galldredem@twitpic.com,Genderqueer,19.176.150.222
528,Hughie,Giraths,hgirathsen@vimeo.com,Male,101.213.222.28
529,Atalanta,Ingrey,aingreyeo@yolasite.com,Female,190.250.1.227
530,Bernardo,Foucard,bfoucardep@reddit.com,Male,116.164.202.170
531,Barnabe,Snary,bsnaryeq@ihg.com,Male,53.60.202.41
532,Lorilyn,Kulver,lkulverer@wp.com,Female,88.190.172.93
533,Freddie,Cuming,fcuminges@engadget.com,Female,119.216.148.116
534,Uta,Eeles,ueeleset@army.mil,Female,149.233.34.33
535,Lucien,Dryden,ldrydeneu@instagram.com,Male,129.69.5.150
536,Marylou,Saywell,msaywellev@dailymail.co.uk,Female,22.141.81.206
537,Archibald,Crick,acrickew@booking.com,Male,69.33.46.199
538,Allister,Rudsdell,arudsdellex@java.com,Male,56.99.225.158
539,Dena,MacIllrick,dmacillrickey@shutterfly.com,Female,60.236.21.97
540,Madalena,Flowers,mflowersez@hp.com,Female,22.64.14.44
541,Dewie,Gallahue,dgallahuef0@amazon.co.jp,Male,28.235.189.95
542,Gunar,Thripp,gthrippf1@spotify.com,Male,191.163.23.24
543,Brant,Pearcey,bpearceyf2@webmd.com,Male,169.100.81.68
544,Frankie,Lauthian,flauthianf3@apache.org,Genderqueer,163.132.20.35
545,Leigha,Stickells,lstickellsf4@technorati.com,Female,84.161.65.103
546,Alix,Bosward,aboswardf5@yahoo.co.jp,Male,147.243.106.176
547,Stanton,Pedder,spedderf6@icio.us,Male,223.187.202.248
548,Bunni,Cicchinelli,bcicchinellif7@businessinsider.com,Female,28.227.179.69
549,Laurent,Haste,lhastef8@ovh.net,Male,126.141.245.253
550,Carolan,Thaim,cthaimf9@posterous.com,Non-binary,176.74.164.148
551,Stephen,Giveen,sgiveenfa@pinterest.com,Male,203.196.73.244
552,Chaddy,O'Gaven,cogavenfb@sphinn.com,Male,249.206.153.235
553,Hermia,McCourtie,hmccourtiefc@unesco.org,Female,113.154.28.228
554,Ashlin,Bawle,abawlefd@narod.ru,Male,58.90.196.248
555,Ainslee,Simeoli,asimeolife@nature.com,Female,2.87.219.170
556,Darla,Goodere,dgoodereff@newyorker.com,Female,240.200.107.227
557,Parsifal,Wrighton,pwrightonfg@geocities.com,Male,65.92.105.158
558,Llewellyn,Gomersal,lgomersalfh@vkontakte.ru,Male,154.215.34.252
559,Keen,Ponder,kponderfi@prnewswire.com,Male,241.155.127.46
560,Antonio,Rene,arenefj@netscape.com,Male,85.157.236.183
561,Thaxter,Krikorian,tkrikorianfk@tiny.cc,Genderfluid,77.163.66.133
562,Leicester,Winslow,lwinslowfl@nasa.gov,Male,191.41.99.24
563,Pembroke,Kellog,pkellogfm@netvibes.com,Male,178.35.211.96
564,Zaccaria,Lackmann,zlackmannfn@youku.com,Male,17.87.65.88
565,Allissa,Dmitrovic,admitrovicfo@phpbb.com,Female,38.143.56.46
566,Conn,Winstone,cwinstonefp@free.fr,Male,76.150.148.239
567,Abran,Swaden,aswadenfq@state.gov,Bigender,255.3.108.176
568,Vincenty,Shanley,vshanleyfr@trellian.com,Male,62.136.137.101
569,Estrellita,Syvret,esyvretfs@bravesites.com,Female,33.11.78.149
570,Scott,Chilver,schilverft@theatlantic.com,Male,118.235.251.17
571,Corene,Middas,cmiddasfu@prlog.org,Female,29.19.161.51
572,Finn,Ginity,fginityfv@reuters.com,Male,153.246.110.125
573,Wash,Gheorghie,wgheorghiefw@a8.net,Polygender,83.32.23.116
574,Madelene,Bog,mbogfx@springer.com,Female,210.185.177.73
575,Daron,Heaton,dheatonfy@bbb.org,Male,65.215.123.203
576,Christian,Worssam,cworssamfz@digg.com,Male,120.249.253.73
577,Frants,Minico,fminicog0@yellowbook.com,Male,111.30.84.209
578,Myrtice,Hilland,mhillandg1@fc2.com,Non-binary,32.59.96.197
579,Randy,Begwell,rbegwellg2@surveymonkey.com,Female,214.44.125.173
580,Oswald,McAusland,omcauslandg3@livejournal.com,Male,149.125.140.158
581,Sauveur,Crowley,scrowleyg4@arstechnica.com,Polygender,180.222.128.130
582,Sigmund,Etuck,setuckg5@hubpages.com,Genderfluid,232.41.21.86
583,Rafi,Costellow,rcostellowg6@cnn.com,Male,158.210.18.64
584,Putnem,Zupa,pzupag7@cornell.edu,Male,97.166.113.179
585,Lotty,Paramore,lparamoreg8@cpanel.net,Female,119.123.181.252
586,Obediah,Harpin,oharping9@foxnews.com,Male,237.27.96.48
587,Marcelle,Hassey,mhasseyga@hao123.com,Female,159.251.231.78
588,Clark,Dalinder,cdalindergb@hud.gov,Male,120.104.195.62
589,Galen,Dodimead,gdodimeadgc@squarespace.com,Male,180.33.254.135
590,Brit,Fossord,bfossordgd@pagesperso-orange.fr,Female,33.102.63.51
591,Royce,Frohock,rfrohockge@tamu.edu,Male,213.12.88.44
592,Sharlene,Paolillo,spaolillogf@cyberchimps.com,Female,246.213.47.145
593,Deni,Mattioli,dmattioligg@usnews.com,Female,138.240.20.203
594,Lacy,Rattray,lrattraygh@indiatimes.com,Female,46.91.9.172
595,Bryna,Schulke,bschulkegi@ucla.edu,Female,231.31.32.221
596,Monro,Cokayne,mcokaynegj@arizona.edu,Male,54.241.190.223
597,Dion,Garrett,dgarrettgk@diigo.com,Female,25.124.156.103
598,Hester,Kenningley,hkenningleygl@lycos.com,Female,238.174.5.221
599,Babbie,Coogan,bcoogangm@walmart.com,Female,37.201.239.165
600,Linoel,Priddie,lpriddiegn@ycombinator.com,Male,198.234.18.122
601,Nan,Ruston,nrustongo@gizmodo.com,Female,140.22.45.165
602,Nefen,Aveson,navesongp@reuters.com,Male,96.98.167.232
603,Fayette,Laxtonne,flaxtonnegq@nsw.gov.au,Female,232.49.16.86
604,Orlando,Daouse,odaousegr@techcrunch.com,Male,71.204.11.85
605,Duff,Congreve,dcongrevegs@earthlink.net,Male,139.200.115.161
606,Dukey,Merrall,dmerrallgt@discovery.com,Male,239.60.129.88
607,Ches,MacAnellye,cmacanellyegu@usgs.gov,Male,68.22.181.37
608,Ellyn,Hanrott,ehanrottgv@blogtalkradio.com,Female,91.18.132.66
609,Aura,McCague,amccaguegw@newsvine.com,Female,210.165.80.124
610,Prentice,Yeskin,pyeskingx@illinois.edu,Male,30.50.180.97
611,Orv,Loyns,oloynsgy@independent.co.uk,Genderfluid,2.186.133.154
612,Durante,Collacombe,dcollacombegz@youku.com,Agender,92.125.132.76
613,Solly,Fydo,sfydoh0@quantcast.com,Genderqueer,158.222.41.42
614,Audi,de Savery,adesaveryh1@columbia.edu,Female,106.149.35.220
615,Thorpe,Eddow,teddowh2@hp.com,Male,93.170.172.146
616,Florry,Brushfield,fbrushfieldh3@istockphoto.com,Female,150.198.192.68
617,Regine,Flukes,rflukesh4@baidu.com,Female,28.46.176.18
618,Nick,Brownhill,nbrownhillh5@fema.gov,Male,77.180.226.245
619,Daryn,Thody,dthodyh6@bbc.co.uk,Female,159.226.80.104
620,Gabby,Mac Giolla Pheadair,gmacgiollapheadairh7@unblog.fr,Male,107.54.231.95
621,Verile,O'Spellissey,vospellisseyh8@narod.ru,Female,78.208.202.76
622,Alvin,Wallbridge,awallbridgeh9@tuttocitta.it,Male,181.112.61.163
623,Gavrielle,Lill,glillha@springer.com,Female,200.210.32.64
624,Jedidiah,Sharples,jsharpleshb@amazon.co.uk,Male,134.196.0.166
625,Gaultiero,Turner,gturnerhc@ibm.com,Male,215.118.210.179
626,Darrell,Lindwasser,dlindwasserhd@washington.edu,Male,80.209.64.130
627,Tan,Eby,tebyhe@usa.gov,Male,178.96.160.9
628,Borden,Halle,bhallehf@symantec.com,Male,148.148.42.215
629,Freddy,Gillett,fgilletthg@usnews.com,Male,239.236.236.4
630,Giustina,Shadbolt,gshadbolthh@nationalgeographic.com,Female,4.136.46.253
631,Paloma,McGeechan,pmcgeechanhi@ycombinator.com,Female,246.108.12.89
632,Suki,Conibeer,sconibeerhj@google.it,Female,193.145.184.143
633,Elana,Kingswood,ekingswoodhk@wiley.com,Female,109.182.237.185
634,Deane,Anthiftle,danthiftlehl@boston.com,Bigender,16.114.226.8
635,Maxie,Priddey,mpriddeyhm@rakuten.co.jp,Female,10.39.92.190
636,Joete,Maior,jmaiorhn@yahoo.com,Female,198.9.86.133
637,Willard,Pittaway,wpittawayho@scientificamerican.com,Genderfluid,238.55.20.184
638,Andros,Middleweek,amiddleweekhp@amazon.de,Male,45.231.200.5
639,Prentiss,Jenckes,pjenckeshq@house.gov,Male,62.32.99.140
640,Murielle,Sunners,msunnershr@oracle.com,Female,201.18.81.188
641,Artur,Sangster,asangsterhs@samsung.com,Male,113.107.100.42
642,Shaine,Bagott,sbagottht@drupal.org,Female,228.15.123.67
643,Marianne,Matthewson,mmatthewsonhu@yellowpages.com,Female,103.175.85.82
644,Arel,Gutierrez,agutierrezhv@ovh.net,Genderfluid,173.226.126.2
645,Adelind,O'Griffin,aogriffinhw@washingtonpost.com,Female,220.74.161.227
646,Dorian,Petrillo,dpetrillohx@360.cn,Male,247.203.85.119
647,Paulette,Jacquemard,pjacquemardhy@unesco.org,Female,27.125.120.1
648,Nadia,Westell,nwestellhz@tuttocitta.it,Female,204.12.147.16
649,Amalle,O'Duggan,aoduggani0@ox.ac.uk,Female,184.116.99.160
650,Hector,Dugall,hdugalli1@reference.com,Male,193.28.45.166
651,Eadie,Duthie,eduthiei2@cbc.ca,Female,225.40.169.151
652,Alfreda,Flattman,aflattmani3@berkeley.edu,Female,110.232.108.45
653,Elsbeth,Khalid,ekhalidi4@dyndns.org,Female,168.135.235.8
654,Marieann,Newburn,mnewburni5@apache.org,Female,216.41.179.180
655,Hollis,Quye,hquyei6@npr.org,Male,52.152.177.165
656,Denys,Fallowes,dfallowesi7@about.com,Male,27.67.111.134
657,Aryn,Oakwell,aoakwelli8@google.ru,Female,38.161.254.225
658,Tymothy,Pisco,tpiscoi9@shop-pro.jp,Male,96.95.71.50
659,Tawnya,Whitear,twhitearia@vimeo.com,Female,149.80.48.140
660,Hirsch,Matschoss,hmatschossib@google.ru,Male,250.99.223.10
661,Roley,McGunley,rmcgunleyic@chicagotribune.com,Male,103.99.73.134
662,Juana,Osmar,josmarid@washington.edu,Female,155.10.136.153
663,Agnes,Sherrett,asherrettie@skype.com,Female,68.54.95.200
664,Goddart,Teligin,gteliginif@booking.com,Male,104.66.75.7
665,Lottie,Roots,lrootsig@yahoo.co.jp,Female,28.80.112.106
666,Jammie,Dake,jdakeih@huffingtonpost.com,Female,191.158.47.136
667,Codi,Franks,cfranksii@artisteer.com,Genderqueer,93.39.51.250
668,Marthena,Connew,mconnewij@skype.com,Female,214.44.17.45
669,Odella,Corinton,ocorintonik@independent.co.uk,Female,172.68.29.207
670,Fonsie,McRobert,fmcrobertil@usatoday.com,Male,117.209.83.81
671,Bunnie,Sharplin,bsharplinim@usgs.gov,Female,145.218.231.43
672,Johnathon,Batrim,jbatrimin@canalblog.com,Male,120.224.172.187
673,Anna-diana,Fearnall,afearnallio@cbslocal.com,Female,86.30.21.166
674,Sarena,Godsil,sgodsilip@fotki.com,Female,122.241.133.95
675,Frederique,Comizzoli,fcomizzoliiq@prnewswire.com,Female,112.242.100.237
676,Parnell,Korneichik,pkorneichikir@privacy.gov.au,Male,187.56.142.29
677,Abran,Bartod,abartodis@shinystat.com,Male,207.137.24.103
678,Hilly,Greatrakes,hgreatrakesit@businessweek.com,Male,41.18.186.242
679,Cass,Downe,cdowneiu@twitpic.com,Male,211.251.182.64
680,Gage,Velden,gveldeniv@wikispaces.com,Male,151.203.137.155
681,Sondra,Davenport,sdavenportiw@europa.eu,Non-binary,55.218.35.1
682,Monika,Heselwood,mheselwoodix@nature.com,Female,75.148.73.110
683,Keary,Boldra,kboldraiy@walmart.com,Male,40.253.38.59
684,Madonna,Pic,mpiciz@fda.gov,Female,170.218.53.107
685,Lacie,Mishow,lmishowj0@nyu.edu,Female,220.34.220.33
686,Ludovika,Ivashnikov,livashnikovj1@weebly.com,Female,77.0.50.223
687,Ogdan,Broadstock,obroadstockj2@narod.ru,Male,164.231.253.107
688,Katha,Huckerbe,khuckerbej3@eepurl.com,Female,145.217.248.224
689,Rozelle,Bamb,rbambj4@creativecommons.org,Female,23.219.78.157
690,Frederich,Lamswood,flamswoodj5@cisco.com,Male,122.0.17.223
691,Kelvin,Barnet,kbarnetj6@nsw.gov.au,Male,140.226.235.83
692,Kara-lynn,Albinson,kalbinsonj7@wikispaces.com,Female,105.153.9.195
693,Sarah,Rodda,sroddaj8@economist.com,Female,19.103.51.15
694,Vincenz,Brosini,vbrosinij9@army.mil,Male,211.5.203.75
695,Fowler,Primo,fprimoja@un.org,Male,43.96.48.140
696,Karoly,Gonnet,kgonnetjb@ucoz.ru,Female,165.105.245.17
697,Drew,Michel,dmicheljc@multiply.com,Non-binary,167.218.165.14
698,Alejandro,Coite,acoitejd@wiley.com,Male,210.167.1.95
699,Nikoletta,Christofor,nchristoforje@virginia.edu,Female,12.103.6.67
700,Angy,Braybrookes,abraybrookesjf@mozilla.com,Female,95.149.178.31
701,Karlis,Towey,ktoweyjg@stumbleupon.com,Male,54.48.246.18
702,Merralee,Matthewman,mmatthewmanjh@plala.or.jp,Female,52.0.219.164
703,Trevor,Cohr,tcohrji@odnoklassniki.ru,Male,181.31.229.136
704,Jobi,Tees,jteesjj@ehow.com,Female,38.241.75.109
705,Asia,Clampin,aclampinjk@reddit.com,Female,188.47.184.174
706,Gearalt,Joinson,gjoinsonjl@yahoo.com,Male,235.156.64.65
707,Katha,Budik,kbudikjm@tinypic.com,Female,213.204.99.148
708,Dario,Gillean,dgilleanjn@purevolume.com,Male,143.195.137.130
709,Gerty,Reiglar,greiglarjo@ebay.com,Female,207.85.216.114
710,Karlen,Pittman,kpittmanjp@yelp.com,Female,106.239.240.56
711,Normie,Nutbean,nnutbeanjq@mozilla.org,Male,153.200.208.60
712,Kriste,Farrow,kfarrowjr@qq.com,Female,62.160.183.85
713,Pollyanna,Dmytryk,pdmytrykjs@google.it,Female,254.58.78.12
714,Hakeem,Elintune,helintunejt@guardian.co.uk,Male,41.59.85.17
715,Bennett,Whitwham,bwhitwhamju@bloglines.com,Male,255.105.138.12
716,Hendrick,Cammomile,hcammomilejv@lulu.com,Male,84.87.46.76
717,Dorian,Doucette,ddoucettejw@hc360.com,Male,237.53.175.12
718,Letta,Le Clercq,lleclercqjx@g.co,Female,132.183.159.56
719,Danny,Liddard,dliddardjy@de.vu,Female,220.159.159.130
720,Mark,Blizard,mblizardjz@earthlink.net,Male,29.79.28.255
721,Freddi,Colquit,fcolquitk0@businessinsider.com,Female,63.30.221.239
722,Farrah,Sarginson,fsarginsonk1@flavors.me,Female,227.6.112.218
723,Elmer,Tudor,etudork2@ucla.edu,Male,220.52.58.173
724,Linn,Bushrod,lbushrodk3@reverbnation.com,Female,67.90.135.103
725,Gabriell,Plaide,gplaidek4@ustream.tv,Female,36.208.253.44
726,Stanton,Sessuns,ssessunsk5@economist.com,Male,199.100.212.242
727,Kurtis,Huske,khuskek6@hexun.com,Male,20.251.23.12
728,Rafa,Pigot,rpigotk7@addtoany.com,Female,123.180.141.62
729,Monica,Jantot,mjantotk8@hexun.com,Female,97.255.105.240
730,Cirilo,Attock,cattockk9@webeden.co.uk,Male,5.73.246.21
731,Mirabelle,Threader,mthreaderka@cnbc.com,Female,69.224.185.121
732,Ann-marie,Yu,ayukb@blog.com,Female,107.15.149.175
733,Aylmer,Pracy,apracykc@alibaba.com,Male,15.125.215.74
734,Clem,Dun,cdunkd@prlog.org,Male,29.104.242.106
735,Nanette,Chard,nchardke@whitehouse.gov,Female,224.243.155.72
736,Codie,Willett,cwillettkf@uiuc.edu,Male,3.105.143.209
737,Casey,Bairstow,cbairstowkg@webmd.com,Genderqueer,196.223.23.56
738,Eli,McIndrew,emcindrewkh@123-reg.co.uk,Male,119.35.20.35
739,Flory,Scotts,fscottski@wordpress.org,Bigender,33.38.97.228
740,Bernardine,O'Loughnan,boloughnankj@deviantart.com,Female,198.150.204.215
741,Leila,Chalcraft,lchalcraftkk@wikia.com,Female,213.120.109.218
742,Quintin,Tumini,qtuminikl@wikimedia.org,Male,240.173.188.45
743,Jamill,Maytum,jmaytumkm@deliciousdays.com,Male,94.29.121.173
744,Dilly,Ambrozewicz,dambrozewiczkn@shop-pro.jp,Male,44.225.219.226
745,Timmi,Seyfart,tseyfartko@tinypic.com,Female,59.128.105.198
746,Orly,Siggery,osiggerykp@indiatimes.com,Genderqueer,26.218.68.179
747,Doreen,Jime,djimekq@imageshack.us,Female,183.69.7.134
748,Delilah,Reede,dreedekr@youku.com,Female,249.209.231.126
749,Tait,Yegoshin,tyegoshinks@bloomberg.com,Male,59.71.77.170
750,Cesar,Querree,cquerreekt@nhs.uk,Male,236.31.69.69
751,Rex,Signorelli,rsignorelliku@last.fm,Male,92.202.87.151
752,Kendell,Ikins,kikinskv@t.co,Male,125.85.88.59
753,Daryl,Darell,ddarellkw@harvard.edu,Male,19.102.201.105
754,Lindy,Durtnall,ldurtnallkx@tinyurl.com,Female,225.154.245.227
755,Odetta,Caulier,ocaulierky@biglobe.ne.jp,Female,59.50.123.140
756,Hi,Caitlin,hcaitlinkz@jalbum.net,Male,54.81.13.152
757,Josey,Sparshott,jsparshottl0@wired.com,Female,232.253.171.212
758,Anne-marie,Pleming,aplemingl1@spiegel.de,Female,134.233.212.189
759,Jacob,Haddington,jhaddingtonl2@barnesandnoble.com,Genderqueer,155.150.84.199
760,Reggy,Lackmann,rlackmannl3@4shared.com,Male,13.133.201.248
761,Ashlin,Santore,asantorel4@thetimes.co.uk,Male,189.20.29.109
762,Earl,Windibank,ewindibankl5@booking.com,Male,141.193.131.74
763,Jaimie,Kellick,jkellickl6@google.nl,Male,114.28.16.147
764,Gregorius,Yann,gyannl7@diigo.com,Male,211.251.90.43
765,Sheila,Arpe,sarpel8@jalbum.net,Female,43.89.53.183
766,Theda,Digman,tdigmanl9@ucla.edu,Female,16.233.38.56
767,Delmar,Ernke,dernkela@alibaba.com,Male,156.24.77.202
768,Jethro,Wilcocks,jwilcockslb@who.int,Male,86.204.247.58
769,Hillier,Peedell,hpeedelllc@vinaora.com,Male,155.147.228.248
770,Claudine,Shieldon,cshieldonld@indiegogo.com,Female,235.94.6.251
771,Mackenzie,Screase,mscreasele@engadget.com,Male,117.28.36.30
772,Ephraim,Busen,ebusenlf@google.nl,Agender,139.196.202.234
773,Rasia,Sendley,rsendleylg@vistaprint.com,Female,201.92.254.158
774,Der,Wesker,dweskerlh@microsoft.com,Male,99.79.0.228
775,Bradley,Cornelleau,bcornelleauli@ucoz.com,Male,54.74.52.233
776,Kath,Wroe,kwroelj@cyberchimps.com,Female,113.32.111.31
777,Dewain,McLay,dmclaylk@ezinearticles.com,Male,147.89.55.46
778,Lyda,Orrick,lorrickll@soup.io,Female,219.145.160.236
779,Colan,Dowrey,cdowreylm@yandex.ru,Male,144.70.129.167
780,Grantham,Annetts,gannettsln@shinystat.com,Male,53.248.245.221
781,Shawn,Arniz,sarnizlo@wp.com,Male,183.52.99.0
782,Teddie,Bygate,tbygatelp@spotify.com,Male,94.76.63.95
783,Aldridge,Mc Caughan,amccaughanlq@soundcloud.com,Polygender,103.207.4.217
784,Janot,Petren,jpetrenlr@barnesandnoble.com,Female,86.89.77.2
785,Bastien,Corriea,bcorrieals@cdc.gov,Male,81.161.238.209
786,Gardie,Thackston,gthackstonlt@shutterfly.com,Male,247.114.139.195
787,Pembroke,Marshland,pmarshlandlu@sun.com,Male,223.240.178.193
788,Bartlet,Rippingall,brippingalllv@4shared.com,Male,255.79.31.187
789,Cull,Cormack,ccormacklw@jugem.jp,Male,104.142.153.70
790,Benn,Jiruch,bjiruchlx@miibeian.gov.cn,Male,229.22.14.124
791,Odette,Duckhouse,oduckhousely@wunderground.com,Female,218.37.92.4
792,Ky,Deal,kdeallz@sphinn.com,Polygender,246.46.122.35
793,Adler,Wayland,awaylandm0@bandcamp.com,Male,147.110.65.24
794,Rex,Menendez,rmenendezm1@multiply.com,Male,12.255.180.2
795,Harland,Girardoni,hgirardonim2@apache.org,Genderfluid,226.42.235.19
796,Curry,Laird,clairdm3@surveymonkey.com,Male,109.194.103.209
797,Tyrus,Satterly,tsatterlym4@deliciousdays.com,Male,80.182.226.25
798,Yuri,Ambrogi,yambrogim5@privacy.gov.au,Male,252.198.147.252
799,Kellina,Llewelly,kllewellym6@ask.com,Female,180.165.61.108
800,Minette,Macro,mmacrom7@oaic.gov.au,Female,124.218.51.128
801,Ulises,Mougel,umougelm8@ow.ly,Genderfluid,169.152.123.166
802,Courtenay,Paff,cpaffm9@wikipedia.org,Female,242.11.84.229
803,Merridie,Wagerfield,mwagerfieldma@home.pl,Polygender,197.6.170.54
804,Johnny,Lynch,jlynchmb@cargocollective.com,Male,240.12.143.102
805,Brunhilde,Orgill,borgillmc@cbslocal.com,Female,92.226.97.156
806,Ronald,Jevon,rjevonmd@paypal.com,Male,197.215.62.211
807,Holden,Astle,hastleme@behance.net,Male,234.159.36.112
808,Dallas,Gerrish,dgerrishmf@constantcontact.com,Female,90.246.69.94
809,Claudio,Kern,ckernmg@flavors.me,Male,71.120.70.169
810,Udall,Newlands,unewlandsmh@bing.com,Male,112.245.146.91
811,Babs,Hercules,bherculesmi@behance.net,Female,134.151.193.66
812,Rory,Landre,rlandremj@washington.edu,Bigender,7.220.140.220
813,Henrik,Buston,hbustonmk@sakura.ne.jp,Male,40.63.62.190
814,Christopher,Yewdall,cyewdallml@weebly.com,Male,102.163.154.150
815,Ansell,Croney,acroneymm@e-recht24.de,Male,215.232.176.40
816,Kirstyn,Filippo,kfilippomn@geocities.com,Female,190.165.242.177
817,Drucy,Manneville,dmannevillemo@who.int,Female,181.229.246.59
818,Felix,Bracknell,fbracknellmp@google.ru,Male,68.157.23.209
819,Juliann,Reckless,jrecklessmq@ebay.com,Non-binary,35.108.4.140
820,York,Hardesty,yhardestymr@intel.com,Male,73.5.214.196
821,Loralyn,Brabben,lbrabbenms@state.gov,Female,17.232.110.175
822,Lazar,Duro,lduromt@prnewswire.com,Male,22.128.164.183
823,Hedy,Beckles,hbecklesmu@alibaba.com,Female,175.63.226.88
824,Tymon,Rosborough,trosboroughmv@webs.com,Male,80.74.51.192
825,Brittney,Gavigan,bgaviganmw@ucoz.com,Female,167.184.161.92
826,Kincaid,Muneely,kmuneelymx@smh.com.au,Male,253.240.149.33
827,Galen,Scipsey,gscipseymy@dailymail.co.uk,Male,204.202.166.98
828,Egbert,Tedorenko,etedorenkomz@bravesites.com,Male,68.202.183.178
829,Isabella,Mayfield,imayfieldn0@phoca.cz,Female,78.97.9.24
830,Masha,Linggard,mlinggardn1@utexas.edu,Female,212.191.122.233
831,Nathanael,Andrysiak,nandrysiakn2@digg.com,Male,208.16.74.229
832,Jacobo,Schaumann,jschaumannn3@furl.net,Male,47.192.31.149
833,Kelsy,Dunstan,kdunstann4@va.gov,Female,64.198.172.142
834,Frankie,Hanaby,fhanabyn5@aol.com,Female,233.16.88.215
835,Hilario,Kopmann,hkopmannn6@nationalgeographic.com,Male,181.223.58.97
836,Elvira,Boultwood,eboultwoodn7@reuters.com,Female,98.145.88.246
837,Tamra,Tonna,ttonnan8@mac.com,Female,125.215.201.73
838,Erny,Codd,ecoddn9@wordpress.com,Male,131.228.14.128
839,Marline,Bastone,mbastonena@bbb.org,Female,89.204.9.28
840,Louisa,Stockings,lstockingsnb@sbwire.com,Female,194.86.41.20
841,Pace,Tesoe,ptesoenc@usgs.gov,Male,78.49.29.75
842,Byron,Dimitrijevic,bdimitrijevicnd@hibu.com,Genderfluid,199.30.115.136
843,Hagen,McAuslene,hmcauslenene@technorati.com,Male,70.234.122.8
844,Nikita,Franseco,nfranseconf@mediafire.com,Male,105.71.219.83
845,Abbott,Youthed,ayouthedng@storify.com,Male,63.103.28.204
846,Hinze,Buchett,hbuchettnh@linkedin.com,Genderfluid,10.217.31.211
847,Winslow,Lynes,wlynesni@edublogs.org,Male,24.164.228.120
848,Morganica,Oager,moagernj@typepad.com,Female,149.178.185.75
849,Sophia,Cash,scashnk@squidoo.com,Female,17.98.78.251
850,Derron,Ewbanck,dewbancknl@si.edu,Male,122.64.241.127
851,Manon,Stampe,mstampenm@51.la,Female,106.39.28.22
852,Johan,Cotgrave,jcotgravenn@ca.gov,Male,218.167.147.216
853,Shep,Woodroffe,swoodroffeno@scientificamerican.com,Male,186.142.60.156
854,Brina,Gloster,bglosternp@nasa.gov,Female,105.217.62.1
855,Floyd,Schachter,fschachternq@wufoo.com,Male,223.103.160.210
856,Michaelina,Pol,mpolnr@angelfire.com,Female,72.139.244.11
857,Vasily,Izakovitz,vizakovitzns@e-recht24.de,Non-binary,125.154.135.122
858,Dode,Kunat,dkunatnt@slideshare.net,Female,26.47.160.148
859,Lyn,Knewstub,lknewstubnu@typepad.com,Male,217.155.108.174
860,Jenny,Trevains,jtrevainsnv@digg.com,Non-binary,93.132.221.130
861,Bernarr,Pudan,bpudannw@jugem.jp,Male,105.237.210.138
862,Cal,Somerled,csomerlednx@japanpost.jp,Female,49.173.89.144
863,Merralee,Houselee,mhouseleeny@tripadvisor.com,Female,157.207.18.17
864,Clint,Anand,canandnz@behance.net,Male,98.12.202.224
865,Anthony,Alliot,aallioto0@cdc.gov,Male,55.2.106.50
866,Even,Brangan,ebrangano1@angelfire.com,Male,157.233.211.3
867,Esra,Pile,epileo2@tinypic.com,Male,191.41.230.197
868,Charin,McTerlagh,cmcterlagho3@lulu.com,Female,202.42.122.246
869,Cornell,Beadham,cbeadhamo4@macromedia.com,Male,177.39.102.86
870,Arabela,Parnall,aparnallo5@mozilla.com,Female,20.174.137.147
871,Rheba,Astman,rastmano6@army.mil,Female,3.143.225.42
872,Bevin,Glassopp,bglassoppo7@i2i.jp,Polygender,253.254.87.232
873,Garrett,Lagde,glagdeo8@squarespace.com,Male,26.133.220.153
874,Henrieta,Carmen,hcarmeno9@oaic.gov.au,Female,64.151.201.138
875,Rowena,Dumblton,rdumbltonoa@nydailynews.com,Female,170.178.30.20
876,Gabbie,Whitbread,gwhitbreadob@slashdot.org,Genderqueer,250.233.170.75
877,Row,Clixby,rclixbyoc@java.com,Female,45.55.45.195
878,Faith,Faughny,ffaughnyod@mit.edu,Female,117.197.56.139
879,Mickie,Cappell,mcappelloe@ftc.gov,Female,95.107.44.28
880,Yolande,Malitrott,ymalitrottof@apple.com,Female,61.247.36.116
881,Joshia,Pipkin,jpipkinog@alibaba.com,Male,7.105.198.11
882,Bernelle,Doohey,bdooheyoh@dyndns.org,Female,110.251.190.89
883,Welch,Foden,wfodenoi@hud.gov,Male,224.222.86.152
884,Lisa,Isakovic,lisakovicoj@ted.com,Bigender,210.36.43.248
885,Benedick,Cayford,bcayfordok@nhs.uk,Male,49.119.199.240
886,Francine,Rebert,frebertol@blogger.com,Female,220.239.141.118
887,Katrine,Foldes,kfoldesom@fotki.com,Bigender,2.8.36.214
888,Borg,Bock,bbockon@dailymail.co.uk,Male,111.12.86.228
889,Thomasa,Kelloway,tkellowayoo@stumbleupon.com,Female,153.42.68.48
890,Phoebe,De Cleyne,pdecleyneop@forbes.com,Female,51.0.122.205
891,Glenna,Timewell,gtimewelloq@multiply.com,Female,73.205.232.115
892,Beth,Husbands,bhusbandsor@timesonline.co.uk,Female,242.51.148.202
893,Kristina,Yendall,kyendallos@rakuten.co.jp,Bigender,81.12.221.12
894,Lodovico,Stallwood,lstallwoodot@nytimes.com,Male,224.28.237.149
895,Zandra,De Michele,zdemicheleou@typepad.com,Female,112.26.254.62
896,Kori,Erik,kerikov@bandcamp.com,Female,2.6.195.62
897,Remy,Reynold,rreynoldow@4shared.com,Female,155.88.120.175
898,Brand,Broxton,bbroxtonox@hp.com,Male,237.216.38.104
899,Tessy,Stopper,tstopperoy@latimes.com,Female,201.170.209.78
900,Claire,Exter,cexteroz@mac.com,Male,78.28.134.194
901,Lu,Edge,ledgep0@blogger.com,Female,246.159.89.74
902,Nerta,Scarsbrook,nscarsbrookp1@t-online.de,Female,73.184.106.126
903,Etta,Ponter,eponterp2@xrea.com,Female,178.39.65.86
904,Hymie,Breeton,hbreetonp3@plala.or.jp,Male,67.44.68.175
905,Klarrisa,Docharty,kdochartyp4@joomla.org,Female,29.165.31.127
906,Johannes,Kleinholz,jkleinholzp5@nydailynews.com,Male,127.173.64.132
907,Zerk,McKirdy,zmckirdyp6@epa.gov,Male,48.245.96.193
908,Lydia,Durling,ldurlingp7@blinklist.com,Female,208.84.212.254
909,Ade,Casoni,acasonip8@cam.ac.uk,Male,130.146.68.171
910,Morrie,Iglesia,miglesiap9@mail.ru,Male,241.163.187.168
911,Kaleena,Strick,kstrickpa@themeforest.net,Female,234.39.191.155
912,Jamill,Speight,jspeightpb@bloglovin.com,Male,30.65.187.68
913,Clementina,Davenall,cdavenallpc@linkedin.com,Female,117.215.187.136
914,Randee,Swaisland,rswaislandpd@nyu.edu,Female,208.36.164.205
915,Burke,Tookey,btookeype@home.pl,Male,188.27.43.200
916,Verine,Muncaster,vmuncasterpf@feedburner.com,Female,47.59.50.112
917,Packston,Rushford,prushfordpg@unicef.org,Male,221.253.101.57
918,Renelle,Macrae,rmacraeph@skype.com,Female,22.241.26.122
919,Percy,Kilian,pkilianpi@ucsd.edu,Male,49.112.214.15
920,Clareta,Ghost,cghostpj@diigo.com,Female,149.17.135.111
921,Rutger,Lewknor,rlewknorpk@europa.eu,Male,205.235.214.107
922,Quintus,Kabisch,qkabischpl@csmonitor.com,Male,192.105.50.135
923,Tedie,Herrero,therreropm@blogspot.com,Male,5.161.241.207
924,Cord,Harrisson,charrissonpn@miitbeian.gov.cn,Male,249.149.134.36
925,Flori,Vidloc,fvidlocpo@netlog.com,Female,167.64.219.156
926,Cindee,Featherstonehaugh,cfeatherstonehaughpp@webmd.com,Female,211.142.41.49
927,Ilse,Dongles,idonglespq@paypal.com,Female,161.80.67.45
928,Lennie,Whittall,lwhittallpr@imgur.com,Bigender,13.178.103.211
929,Derrek,Hamerton,dhamertonps@domainmarket.com,Bigender,53.163.100.52
930,Vida,Brislane,vbrislanept@illinois.edu,Female,245.208.153.43
931,Frankie,Iffe,fiffepu@nhs.uk,Male,32.88.110.102
932,Stephie,Cunnington,scunningtonpv@ca.gov,Female,210.186.82.161
933,Daisy,Hember,dhemberpw@mail.ru,Female,88.94.143.154
934,Eric,Broker,ebrokerpx@webmd.com,Male,230.40.143.130
935,Roda,Calkin,rcalkinpy@amazon.co.jp,Female,96.193.180.37
936,Cassy,Rout,croutpz@oracle.com,Female,196.82.74.81
937,Rich,Haddleston,rhaddlestonq0@vimeo.com,Male,79.197.158.183
938,Talya,Nolin,tnolinq1@spiegel.de,Female,99.201.21.253
939,Broddy,Waitland,bwaitlandq2@godaddy.com,Genderqueer,187.202.5.243
940,Jedediah,Bridle,jbridleq3@paypal.com,Genderqueer,168.243.87.163
941,Rikki,Sergent,rsergentq4@comsenz.com,Female,152.239.205.192
942,Wyndham,Santi,wsantiq5@go.com,Male,61.217.123.46
943,Christiano,Younge,cyoungeq6@dmoz.org,Male,215.160.140.60
944,Archie,Cardis,acardisq7@nsw.gov.au,Male,31.112.206.158
945,Bill,Kerswill,bkerswillq8@china.com.cn,Male,124.176.223.107
946,Sigismund,Sikora,ssikoraq9@salon.com,Male,184.31.186.154
947,Sarine,Whiskerd,swhiskerdqa@yahoo.com,Female,172.0.166.99
948,Kellen,Ledgister,kledgisterqb@chicagotribune.com,Non-binary,213.17.234.103
949,Marieann,Wonfor,mwonforqc@e-recht24.de,Female,200.139.16.81
950,Edmon,Spadelli,espadelliqd@marriott.com,Male,196.203.213.8
951,Bette,Balden,bbaldenqe@google.it,Female,223.119.53.232
952,Leodora,Dabner,ldabnerqf@psu.edu,Female,84.132.253.130
953,Gardy,Spoward,gspowardqg@blogtalkradio.com,Male,105.2.228.116
954,Lindon,Doche,ldocheqh@jiathis.com,Male,61.80.190.249
955,Camey,Schindler,cschindlerqi@usnews.com,Male,150.202.149.172
956,Yuma,Sturte,ysturteqj@discuz.net,Male,144.157.126.104
957,Caria,Petrasso,cpetrassoqk@disqus.com,Female,254.210.204.209
958,Phillipe,McHaffy,pmchaffyql@unblog.fr,Male,1.205.100.244
959,Timotheus,Gilchrist,tgilchristqm@microsoft.com,Male,40.129.103.172
960,Melisse,Karpushkin,mkarpushkinqn@tmall.com,Female,8.207.5.26
961,Martin,Perring,mperringqo@yelp.com,Male,37.88.200.104
962,Nonna,Maryon,nmaryonqp@fda.gov,Female,57.104.104.95
963,Bianca,Hender,bhenderqq@typepad.com,Female,2.156.111.142
964,Manuel,Dignum,mdignumqr@uol.com.br,Male,29.244.190.158
965,Laureen,Coie,lcoieqs@i2i.jp,Female,188.45.49.224
966,Andrey,Eastby,aeastbyqt@slate.com,Male,114.59.115.113
967,Donaugh,Bockman,dbockmanqu@cbslocal.com,Male,218.247.16.93
968,Bette,Markovich,bmarkovichqv@multiply.com,Female,76.247.63.113
969,Curr,Hastilow,chastilowqw@howstuffworks.com,Male,128.133.59.164
970,Saunderson,Hearon,shearonqx@forbes.com,Male,157.206.232.116
971,Marabel,Backshell,mbackshellqy@mapy.cz,Female,230.72.3.19
972,Harp,Vallender,hvallenderqz@clickbank.net,Male,64.234.237.105
973,Rica,McMickan,rmcmickanr0@pen.io,Female,139.119.122.215
974,Wendy,Schettini,wschettinir1@instagram.com,Female,219.101.51.153
975,Alexandros,Pearsall,apearsallr2@msu.edu,Male,4.241.52.187
976,Killian,Newlyn,knewlynr3@businessweek.com,Male,228.123.117.150
977,Lorette,Ginman,lginmanr4@google.es,Female,7.233.82.160
978,Worthy,Thorburn,wthorburnr5@slate.com,Male,112.86.208.42
979,Aleen,Redrup,aredrupr6@com.com,Female,79.74.150.165
980,Karlis,Iglesiaz,kiglesiazr7@abc.net.au,Male,34.185.83.86
981,Lynett,Bradbury,lbradburyr8@slate.com,Female,187.229.152.244
982,Noami,Dmisek,ndmisekr9@rediff.com,Female,102.50.153.173
983,Lonny,Baldazzi,lbaldazzira@tinypic.com,Male,235.94.133.20
984,Yance,Lambart,ylambartrb@ucsd.edu,Male,198.184.113.78
985,Blaire,Witts,bwittsrc@cdbaby.com,Female,75.217.73.50
986,Gaspar,McMorran,gmcmorranrd@miitbeian.gov.cn,Male,225.210.147.2
987,Reidar,Beretta,rberettare@1688.com,Non-binary,135.100.112.110
988,Saul,Klain,sklainrf@unc.edu,Polygender,201.219.48.85
989,Welby,Peppett,wpeppettrg@bigcartel.com,Male,239.66.82.230
990,Edvard,Pearman,epearmanrh@cdbaby.com,Male,191.7.28.170
991,Emmalynn,Drewes,edrewesri@ycombinator.com,Female,28.132.125.42
992,Pennie,Van De Cappelle,pvandecappellerj@networkadvertising.org,Female,64.74.201.132
993,Etti,Dillet,edilletrk@slashdot.org,Female,69.160.44.254
994,Duky,Garshore,dgarshorerl@shinystat.com,Male,66.19.126.63
995,Adelheid,Plumbley,aplumbleyrm@cloudflare.com,Female,228.218.99.116
996,Ephraim,Panton,epantonrn@rediff.com,Male,28.73.161.246
997,Nealy,Vivash,nvivashro@microsoft.com,Male,191.157.204.138
998,Florry,Flooks,fflooksrp@smh.com.au,Female,213.98.248.157
999,Marisa,Ricker,mrickerrq@jimdo.com,Female,236.180.101.54
1000,Cliff,Gogerty,cgogertyrr@jugem.jp,Male,231.144.88.142
